trade_date,trade_count,total_pnl,avg_pnl,median_pnl,win_rate,sentiment,sentiment_score,sent_lag_1,sent_lag_3,sent_lag_7,pnl_7d_ma,sent_7d_ma,pnl_7d_std,signal,strategy_pnl,cum_strategy,cum_buyhold
2023-01-05,3,0.0,0.0,0.0,0.0,Fear,0.0,,,,0.0,0.0,,0,0.0,0.0,0.0
2023-05-12,9,0.0,0.0,0.0,0.0,Neutral,0.5,0.0,,,0.0,0.25,0.0,0,0.0,0.0,0.0
2024-01-01,18,-129.53146,-7.196192222222223,0.0,0.0555555555555555,Greed,1.0,0.5,,,-43.17715333333334,0.5,74.78502329952525,0,-0.0,0.0,-129.53146
2024-01-02,6,0.0,0.0,0.0,0.0,Greed,1.0,1.0,0.0,,-32.382865,0.625,64.76573,1,0.0,0.0,-129.53146
2024-01-03,137,8244.241409,60.17694459124088,27.04384,0.9343065693430656,Greed,1.0,1.0,0.5,,1622.9419898,0.7,3701.8438411729403,1,8244.241409,8244.241409,8114.709949
2024-01-04,77,2507.963406,32.57095332467532,0.54675,0.5454545454545454,Greed,1.0,1.0,1.0,,1770.4455591666665,0.75,3330.6849261675093,1,2507.963406,10752.204815000001,10622.673354999999
2024-01-05,14,0.0,0.0,0.0,0.0,Greed,1.0,1.0,1.0,,1517.524765,0.7857142857142857,3113.2513917156616,1,0.0,10752.204815000001,10622.673354999999
2024-01-06,25,91.510419,3.66041676,0.0,0.36,Greed,1.0,1.0,1.0,0.0,1530.5976819999998,0.9285714285714286,3106.0007663289007,1,91.510419,10843.715234000001,10714.183774
2024-01-07,64,5065.839308,79.1537391875,0.0,0.40625,Greed,1.0,1.0,1.0,0.5,2254.2890117142856,1.0,3275.4782009081828,1,5065.839308,15909.554542000002,15780.023082
2024-01-08,57,167.080017,2.9312283684210527,0.0,0.0701754385964912,Greed,1.0,1.0,1.0,1.0,2296.662079857143,1.0,3241.2399292984946,1,167.080017,16076.634559000002,15947.103099
2024-01-09,12,137.433093,11.452757750000002,0.0,0.4166666666666667,Extreme Greed,,1.0,1.0,1.0,2316.2953788571426,1.0,3225.387121966821,1,137.433093,16214.067652000002,16084.536192
2024-01-10,4,0.0,0.0,0.0,0.0,Greed,1.0,,1.0,1.0,1138.5466061428572,1.0,1955.0689443817116,0,0.0,16214.067652000002,16084.536192
2024-01-11,23,1040.475736,45.23807547826088,0.0,0.2608695652173913,Extreme Greed,,1.0,1.0,1.0,928.9055104285715,1.0,1860.127113240227,1,1040.475736,17254.543388000002,17125.011928
2024-01-12,416,40886.364494,98.28453003365384,0.5600160000000001,0.53125,Greed,1.0,,,1.0,6769.814723857143,1.0,15153.011566266036,0,0.0,17254.543388000002,58011.376422
2024-02-01,17,783.979116,46.11641858823529,0.0,0.4705882352941176,Greed,1.0,1.0,1.0,1.0,6868.738823428573,1.0,15104.329042022127,1,783.979116,18038.522504,58795.355538
2024-02-02,42,456.423473,10.867225547619048,0.0,0.3095238095238095,Greed,1.0,1.0,,1.0,6210.250847,1.0,15295.29683401045,1,456.423473,18494.945977,59251.779011000006
2024-02-03,31,230.90060000000005,7.448406451612905,1.3124,0.6774193548387096,Greed,1.0,1.0,1.0,1.0,6219.368073142857,1.0,15291.112698078303,1,230.90060000000005,18725.846577,59482.67961100001
2024-02-04,41,883.760812,21.55514175609756,0.0,0.2926829268292683,Greed,1.0,1.0,1.0,,6325.9863187142855,1.0,15244.168091778809,1,883.760812,19609.607389,60366.44042300001
2024-02-06,93,192.906947,2.074268247311828,0.0,0.3655913978494624,Greed,1.0,1.0,1.0,1.0,6353.544454000001,1.0,15230.994760585441,1,192.906947,19802.514336,60559.34737000001
2024-02-07,18,2421.253116,134.514062,10.35,0.7222222222222222,Greed,1.0,1.0,1.0,,6550.798365428572,1.0,15159.491309669054,1,2421.253116,22223.767452,62980.60048600001
2024-02-08,63,782.3681909999999,12.418542714285714,0.0,0.2698412698412698,Greed,1.0,1.0,1.0,1.0,821.6560364285714,1.0,757.5446228626885,1,782.3681909999999,23006.135643,63762.96867700001
2024-02-09,2,0.0,0.0,0.0,0.0,Greed,1.0,1.0,1.0,1.0,709.6590198571428,1.0,819.4651613084048,1,0.0,23006.135643,63762.96867700001
2024-02-10,4,0.0,0.0,0.0,0.0,Greed,1.0,1.0,1.0,1.0,644.4556665714284,1.0,860.122689398041,1,0.0,23006.135643,63762.96867700001
2024-02-11,2,0.0,0.0,0.0,0.0,Greed,1.0,1.0,1.0,1.0,611.4698665714285,1.0,882.7556397423505,1,0.0,23006.135643,63762.96867700001
2024-02-12,270,18489.604313,68.48001597407408,0.0,0.4074074074074074,Greed,1.0,1.0,1.0,1.0,3126.5903667142857,1.0,6830.669514902657,1,18489.604313,41495.739956000005,82252.57299000002
2024-03-01,67,866.015507,12.925604582089552,0.0,0.417910447761194,Extreme Greed,,1.0,1.0,1.0,3222.7487324285717,1.0,6787.086407302116,1,866.015507,42361.755463,83118.58849700002
2024-03-02,56,223.309187,3.987664053571428,0.0,0.1071428571428571,Extreme Greed,,,1.0,1.0,2908.7567425714287,1.0,6880.544515477151,0,0.0,42361.755463,83341.89768400003
2024-03-03,79,8361.086245,105.83653474683544,15.04116,0.6835443037974683,Extreme Greed,,,1.0,1.0,3991.4307502857146,1.0,7083.460132104866,0,0.0,42361.755463,91702.98392900002
2024-03-04,4,126.7884,31.6971,0.0,0.25,Extreme Greed,,,,1.0,4009.543378857143,1.0,7071.705231045923,0,0.0,42361.755463,91829.77232900003
2024-03-05,36,5306.017045,147.3893623611111,0.0,0.4722222222222222,Extreme Greed,,,,1.0,4767.545813857143,1.0,6851.234940610061,0,0.0,42361.755463,97135.78937400003
2024-03-06,70,562.808208,8.040117257142859,4.63499,0.6285714285714286,Extreme Greed,,,,1.0,4847.946986428571,1.0,6788.9812205225035,0,0.0,42361.755463,97698.59758200003
2024-03-07,18,1118.387284,62.132626888888886,0.0,0.2222222222222222,Extreme Greed,,,,1.0,2366.344553714286,,3194.9945903879147,0,0.0,42361.755463,98816.98486600003
2024-03-08,37,464.1897,12.545667567567568,0.0,0.027027027027027,Extreme Greed,,,,,2308.9408670000003,,3229.862797705286,0,0.0,42361.755463,99281.17456600003
2024-03-10,9,100.375782,11.152864666666666,0.0,0.3333333333333333,Extreme Greed,,,,,2291.378952,,3243.399025612274,0,0.0,42361.755463,99381.55034800003
2024-03-11,6,0.0,0.0,0.0,0.0,Extreme Greed,,,,,1096.938059857143,,1894.732654899979,0,0.0,42361.755463,99381.55034800003
2024-03-12,374,23576.539285,63.03887509358289,0.0,0.4304812834224599,Extreme Greed,,,,,4446.902472,,8634.963047033687,0,0.0,42361.755463,122958.08963300003
2024-04-01,5,-67.60364,-13.520728,-0.0786,0.0,Extreme Greed,,,,,3679.2423741428565,,8783.44175467561,0,-0.0,42361.755463,122890.48599300002
2024-04-02,35,47.62389499999999,1.360682714285714,-0.02695,0.2571428571428571,Extreme Greed,,,,,3605.6446151428568,,8816.005036314298,0,0.0,42361.755463,122938.10988800002
2024-04-03,300,27799.775742,92.66591914,30.85353,0.8866666666666667,Greed,1.0,,,,7417.271537714286,1.0,12541.940985988102,0,0.0,42361.755463,150737.88563000003
2024-04-04,32,0.0,0.0,0.0,0.0,Greed,1.0,1.0,,,7350.958723428571,1.0,12585.980894583423,1,0.0,42361.755463,150737.88563000003
2024-04-05,9,0.0,0.0,0.0,0.0,Extreme Greed,,1.0,,,7336.619326,1.0,12595.671824795605,1,0.0,42361.755463,150737.88563000003
2024-04-06,53,52.211438,0.9851214716981131,0.0,0.4716981132075472,Extreme Greed,,,1.0,,7344.078102857143,1.0,12590.617657726683,0,0.0,42361.755463,150790.09706800003
2024-04-07,25,0.0,0.0,0.0,0.0,Extreme Greed,,,1.0,,3976.0010621428564,1.0,10505.371677576331,0,0.0,42361.755463,150790.09706800003
2024-04-08,127,-122672.000883,-965.9212667952756,0.0,0.0236220472440944,Extreme Greed,,,,,-13538.912829714287,1.0,49224.21017097796,0,-0.0,42361.755463,28118.09618500003
2024-04-09,34,1065.785132,31.346621529411763,0.0,0.1470588235294117,Extreme Greed,,,,,-13393.46122442857,1.0,49272.52840230242,0,0.0,42361.755463,29183.881317000032
2024-04-10,1,0.0,0.0,0.0,0.0,Extreme Greed,,,,1.0,-17364.857759000002,1.0,46437.754808073434,0,0.0,42361.755463,29183.881317000032
2024-04-11,36,2799.410474,77.76140205555555,29.134382,0.6388888888888888,Extreme Greed,,,,1.0,-16964.941977000002,,46623.90361470839,0,0.0,42361.755463,31983.291791000032
2024-04-12,319,292891.815021,918.1561599404388,0.0,0.463949843260188,Extreme Greed,,,,,24876.745883142856,,126827.33868648416,0,0.0,42361.755463,324875.10681200004
2024-05-01,66,164.141565,2.486993409090909,0.0,0.1969696969696969,Neutral,0.5,,,,24892.735901285712,0.5,126823.69425162581,0,0.0,42361.755463,325039.24837700004
2024-05-02,72,-33.45419400000003,-0.4646415833333337,0.0,0.1944444444444444,Fear,0.0,0.5,,,24887.956730714282,0.25,126824.7892658155,0,-0.0,42361.755463,325005.79418300005
2024-05-03,180,19791.026041,109.95014467222222,34.3644515,0.9055555555555556,Neutral,0.5,0.0,,,45239.817719857136,0.3333333333333333,109437.8156194618,0,0.0,42361.755463,344796.820224
2024-05-04,100,10706.484306,107.06484306,8.978760000000001,0.9,Greed,1.0,0.5,0.5,,46617.06045899999,0.5,108848.3205382746,0,0.0,42361.755463,355503.30453
2024-05-05,6,0.916,0.1526666666666666,0.0,0.1666666666666666,Greed,1.0,1.0,0.0,,46617.19131614285,0.6,108848.25515542441,1,0.916,42362.671463,355504.22053000005
2024-05-06,54,56.055506,1.038064925925926,0.0,0.2962962962962963,Greed,1.0,1.0,0.5,,46225.28346357143,0.6666666666666666,109037.09018030547,1,56.055506,42418.726968999996,355560.27603600005
2024-05-07,32,0.0,0.0,0.0,0.0,Greed,1.0,1.0,1.0,,4383.595603428572,0.7142857142857143,7872.24395947183,1,0.0,42418.726968999996,355560.27603600005
2024-05-08,80,-13013.665169,-162.6708146125,0.0,0.4125,Greed,1.0,1.0,1.0,0.5,2501.0517842857143,0.7857142857142857,10262.280782304717,1,-13013.665169,29405.061799999996,342546.61086700007
2024-05-09,1,0.0,0.0,0.0,0.0,Greed,1.0,1.0,1.0,0.0,2505.830954857143,0.9285714285714286,10260.911433847528,1,0.0,29405.061799999996,342546.61086700007
2024-05-10,37,5767.161892,155.86924032432432,39.480396,0.6486486486486487,Greed,1.0,1.0,1.0,0.5,502.42179071428575,1.0,7251.213612013789,1,5767.161892,35172.223692,348313.7727590001
2024-05-11,10,678.4759280000001,67.8475928,10.511846,0.5,Neutral,0.5,1.0,1.0,1.0,-930.1508347142857,0.9285714285714286,5730.370058379441,1,678.4759280000001,35850.69962,348992.2486870001
2024-05-12,456,71574.11848800001,156.96078615789474,0.0,0.4232456140350877,Greed,1.0,0.5,1.0,1.0,9294.592377857143,0.9285714285714286,28051.165793553733,0,0.0,35850.69962,420566.3671750001
2024-06-01,22,135.58166400000002,6.16280290909091,0.0,0.4545454545454545,Greed,1.0,1.0,1.0,1.0,9305.95325757143,0.9285714285714286,28046.816291400486,1,135.58166400000002,35986.281284,420701.9488390001
2024-06-02,1088,-215.615907,-0.1981763851102941,0.0,0.1645220588235294,Greed,1.0,1.0,0.5,1.0,9275.150985142858,0.9285714285714286,28058.85569169774,1,-215.615907,35770.665377,420486.33293200005
2024-06-03,82,6814.825139,83.10762364634145,27.00537,0.8780487804878049,Greed,1.0,1.0,1.0,1.0,12107.792457714288,0.9285714285714286,26384.626742657707,1,6814.825139,42585.490516,427301.15807100007
2024-06-04,16,236.335134,14.770945875,0.0,0.25,Greed,1.0,1.0,1.0,1.0,12141.554619714287,0.9285714285714286,26366.696328578393,1,236.335134,42821.82565,427537.49320500006
2024-06-05,9,968.59038,107.62115333333333,0.0,0.4444444444444444,Extreme Greed,,1.0,1.0,1.0,11456.044403714286,0.9166666666666666,26621.19715928747,1,968.59038,43790.41603,428506.0835850001
2024-06-06,234,274.173187,1.1716802863247862,0.0,0.4273504273504273,Extreme Greed,,,1.0,0.5,11398.286869285716,1.0,26648.901601163354,0,0.0,43790.41603,428780.25677200005
2024-06-07,24,108.872178,4.53634075,0.0,0.2916666666666667,Extreme Greed,,,1.0,1.0,1188.9659678571427,1.0,2506.401121144944,0,0.0,43790.41603,428889.12895000004
2024-06-08,107,267.318048,2.4982995140186914,0.0,0.1214953271028037,Greed,1.0,,,1.0,1207.785451285714,1.0,2497.652786995842,0,0.0,43790.41603,429156.446998
2024-06-09,42,-1104.856765,-26.306113452380952,-24.855381,0.0,Extreme Greed,,1.0,,1.0,1080.7510429999998,1.0,2602.5274597938555,1,-1104.856765,42685.559265,428051.59023300005
2024-06-10,22,130.487079,5.931230863636364,0.0,0.2272727272727272,Greed,1.0,,,1.0,125.84560585714287,1.0,616.3576044730011,0,0.0,42685.559265,428182.07731200004
2024-06-11,15,2817.83723,187.8558153333333,0.0,0.4666666666666667,Greed,1.0,1.0,1.0,1.0,494.6316195714286,1.0,1194.5689097464783,1,2817.83723,45503.396495,430999.91454200004
2024-06-12,403,-92624.643895,-229.8378260421836,0.0,0.2332506203473945,Greed,1.0,1.0,,,-12875.830419714286,1.0,35185.58421362602,1,-92624.643895,-47121.2474,338375.27064700006
2024-07-01,97,-835.681235,-8.615270463917525,0.0,0.0927835051546391,Neutral,0.5,1.0,1.0,,-13034.38105142857,0.9,35118.890092889866,1,-835.681235,-47956.928635000004,337539.58941200003
2024-07-02,15,241.24212,16.082808,0.0,0.1333333333333333,Neutral,0.5,0.5,1.0,,-13015.471059714286,0.8333333333333334,35127.181332412765,0,0.0,-47956.928635000004,337780.83153200004
2024-07-04,23,0.0,0.0,0.0,0.0,Fear,0.0,0.5,1.0,1.0,-13053.659352285715,0.6666666666666666,35110.475649886575,0,0.0,-47956.928635000004,337780.83153200004
2024-07-05,18,883.537693,49.08542738888889,9.50184,0.5,Fear,0.0,0.0,0.5,,-12769.603001142856,0.5714285714285714,35231.093663369036,0,0.0,-47956.928635000004,338664.36922500003
2024-07-06,440,8902.467416,20.23288049090909,0.0,0.4,Fear,0.0,0.0,0.5,1.0,-11516.462952999998,0.42857142857142855,35915.76616782309,0,0.0,-47956.928635000004,347566.836641
2024-07-07,10,61.428942,6.1428942,4.9143155,1.0,Fear,0.0,0.0,0.0,1.0,-11910.23556557143,0.2857142857142857,35747.12943588046,0,0.0,-47956.928635000004,347628.26558300003
2024-07-08,33,188.789255,5.720886515151515,0.0,0.303030303030303,Fear,0.0,0.0,0.0,1.0,1348.8263129999998,0.14285714285714285,3368.857713778753,0,0.0,-47956.928635000004,347817.05483800004
2024-07-10,21,0.0,0.0,0.0,0.0,Fear,0.0,0.0,0.0,0.5,1468.2093465714283,0.07142857142857142,3292.4840371305986,0,0.0,-47956.928635000004,347817.05483800004
2024-07-11,113,4493.353136,39.76418704424778,3.894186,0.5309734513274337,Fear,0.0,0.0,0.0,0.5,2075.653777428571,0.0,3418.2313171224773,0,0.0,-47956.928635000004,352310.40797400003
2024-07-12,304,85906.279067,282.5864442993421,0.0,0.4309210526315789,Fear,0.0,0.0,0.0,0.0,14347.979358428569,0.0,31725.65051525987,0,0.0,-47956.928635000004,438216.687041
2024-08-01,128,-269.874439,-2.1083940546875,0.0,0.25,Neutral,0.5,0.0,0.0,0.0,14183.206196714282,0.07142857142857142,31810.11844423084,0,-0.0,-47956.928635000004,437946.812602
2024-08-02,10,770.756024,77.07560240000001,0.0,0.4,Greed,1.0,0.5,0.0,0.0,13021.533140714284,0.21428571428571427,32181.420727282275,0,0.0,-47956.928635000004,438717.568626
2024-08-03,67,4271.886236,63.7594960597015,12.4432,0.8805970149253731,Fear,0.0,1.0,0.0,0.0,13623.027039857141,0.21428571428571427,31937.236615740625,1,4271.886236,-43685.042399000005,442989.454862
2024-08-04,30,1218.4267,40.614223333333335,0.0,0.0333333333333333,Fear,0.0,0.0,0.5,0.0,13770.11810342857,0.21428571428571427,31867.34590497365,0,0.0,-43685.042399000005,444207.881562
2024-08-05,13,1.56576,0.1204430769230769,0.0,0.0769230769230769,Fear,0.0,0.0,1.0,0.0,13770.341783428568,0.21428571428571427,31867.233147504812,0,0.0,-43685.042399000005,444209.44732200005
2024-08-06,29,129.13883900000002,4.453063413793104,0.0,0.2758620689655172,Extreme Fear,,0.0,0.0,0.0,13146.882598142856,0.25,32120.66385984035,0,0.0,-43685.042399000005,444338.5861610001
2024-08-07,1,0.0,0.0,0.0,0.0,Fear,0.0,,0.0,0.0,874.5570171428571,0.25,1584.466374717647,0,0.0,-43685.042399000005,444338.5861610001
2024-08-08,9,-40.712217,-4.5235796666666666,0.0,0.0,Extreme Fear,,0.0,0.0,0.5,907.2944774285716,0.2,1559.0432097755117,0,-0.0,-43685.042399000005,444297.87394400005
2024-08-09,1,0.0,0.0,0.0,0.0,Neutral,0.5,,,1.0,797.1864740000001,0.1,1597.0477185657978,0,0.0,-43685.042399000005,444297.87394400005
2024-08-10,36,5396.546638,149.90407327777777,29.615628,0.9166666666666666,Fear,0.0,0.5,0.0,0.0,957.8522457142857,0.1,2008.4508766294125,0,0.0,-43685.042399000005,449694.42058200005
2024-08-11,39,-64.41354100000007,-1.6516292564102582,0.0,0.1538461538461538,Fear,0.0,0.0,,0.0,774.5893541428571,0.1,2039.0063275801429,0,-0.0,-43685.042399000005,449630.00704100006
2024-08-12,420,15965.933436,38.01412722857143,0.0,0.3619047619047619,Fear,0.0,0.0,0.5,0.0,3055.213307857143,0.1,6037.603429506859,0,0.0,-43685.042399000005,465595.9404770001
2024-09-01,70,-826.349863,-11.804998042857145,0.0,0.2571428571428571,Fear,0.0,0.0,0.0,,2918.714921857143,0.08333333333333333,6124.950737466529,0,-0.0,-43685.042399000005,464769.5906140001
2024-09-03,117,9949.501624,85.03847541880343,25.01825,0.8290598290598291,Fear,0.0,0.0,0.0,0.0,4340.072296714286,0.08333333333333333,6478.95820541238,0,0.0,-43685.042399000005,474719.0922380001
2024-09-04,3,0.0,0.0,0.0,0.0,Fear,0.0,0.0,0.0,,4345.888327714286,0.07142857142857142,6474.386899757051,0,0.0,-43685.042399000005,474719.0922380001
2024-09-05,28,1147.595856,40.985566285714285,0.0,0.3928571428571428,Fear,0.0,0.0,0.0,0.5,4509.8305928571435,0.0,6359.511305648599,0,0.0,-43685.042399000005,475866.6880940001
2024-09-06,17,0.0,0.0,0.0,0.0,Extreme Fear,,0.0,0.0,0.0,3738.895358857143,0.0,6558.102151365033,0,0.0,-43685.042399000005,475866.6880940001
2024-09-07,15,648.984412,43.265627466666665,37.164306,1.0,Extreme Fear,,,0.0,0.0,3840.8093521428573,0.0,6494.3810175157705,0,0.0,-43685.042399000005,476515.6725060001
2024-09-08,144,18082.071276,125.56993941666666,0.0,0.2986111111111111,Fear,0.0,,0.0,0.0,4143.114757857143,0.0,7167.253030633112,0,0.0,-43685.042399000005,494597.7437820001
2024-09-09,2,0.0,0.0,0.0,0.0,Fear,0.0,0.0,,0.0,4261.1647382857145,0.0,7078.01015733925,0,0.0,-43685.042399000005,494597.7437820001
2024-09-10,14,396.06272,28.29019428571429,0.0,0.2142857142857142,Fear,0.0,0.0,,0.0,2896.387752000001,0.0,6709.854571880307,0,0.0,-43685.042399000005,494993.8065020001
2024-09-11,86,102.90894,1.196615581395349,0.0,0.2209302325581395,Fear,0.0,0.0,0.0,0.0,2911.0890291428577,0.0,6702.5597004056135,0,0.0,-43685.042399000005,495096.7154420001
2024-09-12,539,6310.967676,11.708659881261596,0.0,0.3191094619666048,Fear,0.0,0.0,0.0,0.0,3648.713574857143,0.0,6760.010799714753,0,0.0,-43685.042399000005,501407.68311800004
2024-10-01,193,-1517.091342,-7.860576901554404,0.0,0.2124352331606217,Neutral,0.5,0.0,0.0,,3431.9862402857148,0.08333333333333333,6918.936702971854,0,-0.0,-43685.042399000005,499890.59177600004
2024-10-03,42,2482.9272,59.117314285714286,2.505,0.6904761904761905,Fear,0.0,0.5,0.0,,3693.9780671428575,0.07142857142857142,6830.144538035206,0,0.0,-43685.042399000005,502373.518976
2024-10-04,41,5207.443414,127.01081497560976,32.322,0.8780487804878049,Fear,0.0,0.0,0.0,0.0,1854.7455154285722,0.07142857142857142,2929.708830159614,0,0.0,-43685.042399000005,507580.96239
2024-10-05,22,2101.741695,95.53371340909092,0.0,0.2727272727272727,Neutral,0.5,0.0,0.5,0.0,2154.9943290000006,0.14285714285714285,2813.3326534099024,0,0.0,-43685.042399000005,509682.704085
2024-10-06,53,31.266805,0.589939716981132,0.0,0.3396226415094339,Neutral,0.5,0.5,0.0,0.0,2102.8806268571434,0.21428571428571427,2854.423790010079,0,0.0,-43685.042399000005,509713.97089
2024-10-07,56,11977.734907,213.88812333928573,59.449221,0.6785714285714286,Neutral,0.5,0.5,0.0,0.0,3799.2843364285723,0.2857142857142857,4513.955628986337,0,0.0,-43685.042399000005,521691.705797
2024-10-08,88,0.0,0.0,0.0,0.0,Neutral,0.5,0.5,0.5,0.0,2897.717525571429,0.35714285714285715,4558.710011110993,0,0.0,-43685.042399000005,521691.705797
2024-10-09,3,-219.729659,-73.24321966666666,-37.697891,0.0,Neutral,0.5,0.5,0.5,0.5,3083.0549088571433,0.35714285714285715,4371.851472475633,0,-0.0,-43685.042399000005,521471.97613799997
2024-10-10,16,0.0,0.0,0.0,0.0,Fear,0.0,0.5,0.5,0.0,2728.3510231428577,0.35714285714285715,4526.64117867079,0,0.0,-43685.042399000005,521471.97613799997
2024-10-11,173,991.114334,5.728984589595376,0.0,0.2947976878612717,Fear,0.0,0.0,0.5,0.0,2126.0182974285717,0.35714285714285715,4421.073425595906,0,0.0,-43685.042399000005,522463.09047199995
2024-10-12,1596,39325.770231,24.640206911654136,0.787791,0.5870927318295739,Neutral,0.5,0.0,0.5,0.5,7443.736659714287,0.35714285714285715,14737.420601475424,0,0.0,-43685.042399000005,561788.860703
2024-11-01,21,-164.08950099999998,-7.813785761904761,0.0,0.238095238095238,Extreme Greed,,0.5,0.0,0.5,7415.828616000001,0.3333333333333333,14753.972648301802,0,-0.0,-43685.042399000005,561624.771202
2024-11-02,34,983.443176,28.924799294117648,0.0,0.2058823529411764,Greed,1.0,,0.0,0.5,5845.2155115714295,0.4166666666666667,14772.58196917105,0,0.0,-43685.042399000005,562608.214378
2024-11-03,42,3588.179495,85.43284511904761,18.72521,0.9285714285714286,Greed,1.0,1.0,0.5,0.5,6357.812582285716,0.5,14597.165507501317,1,3588.179495,-40096.86290400001,566196.393873
2024-11-04,16,389.743164,24.35894775,0.0,0.125,Greed,1.0,1.0,,0.5,6444.880128428573,0.5833333333333334,14553.144966310872,1,389.743164,-39707.11974000001,566586.137037
2024-11-05,9,251.604742,27.956082444444444,6.001646,1.0,Greed,1.0,1.0,1.0,0.0,6480.823663000001,0.75,14534.873620831973,1,251.604742,-39455.514998000006,566837.741779
2024-11-06,123,4320.631811,35.12708789430894,0.0,0.1382113821138211,Greed,1.0,1.0,1.0,0.0,6956.469016857144,0.9166666666666666,14378.926465742377,1,4320.631811,-35134.88318700001,571158.3735900001
2024-11-07,19,1876.812082,98.77958326315787,0.0,0.4736842105263157,Extreme Greed,,1.0,1.0,0.5,1606.6178527142868,1.0,1741.9366127927124,1,1876.812082,-33258.07110500001,573035.185672
2024-11-08,24,847.7766200000001,35.32402583333334,0.0,0.1666666666666666,Extreme Greed,,,1.0,,1751.1701557142867,1.0,1607.286890165005,0,0.0,-33258.07110500001,573882.9622920001
2024-11-09,1,0.0,0.0,0.0,0.0,Extreme Greed,,,1.0,1.0,1610.6782734285723,1.0,1724.299534098008,0,0.0,-33258.07110500001,573882.9622920001
2024-11-10,26,8885.327477,341.74336450000004,232.8029795,0.6923076923076923,Extreme Greed,,,,1.0,2367.4136994285727,1.0,3236.2716130012377,0,0.0,-33258.07110500001,582768.289769
2024-11-11,373,6749.630996,18.09552545844504,0.0,0.2466487935656836,Extreme Greed,,,,1.0,3275.969104000001,1.0,3472.632549525447,0,0.0,-33258.07110500001,589517.920765
2024-11-12,1221,319051.554217,261.30348420720725,2.259711,0.7125307125307125,Extreme Greed,,,,1.0,48818.819029000006,1.0,119204.56519471755,0,0.0,-33258.07110500001,908569.4749820001
2024-12-01,7,-1925.519024,-275.0741462857143,0.0,0.0,Extreme Greed,,,,1.0,47926.511766857155,,119615.84055673706,0,-0.0,-33258.07110500001,906643.955958
2024-12-02,16,913.8817869999998,57.11761168749999,-26.696452,0.375,Extreme Greed,,,,,47788.95029614286,,119678.16282779574,0,0.0,-33258.07110500001,907557.837745
2024-12-03,8,3039.166,379.89575,16.76285,0.875,Extreme Greed,,,,,48102.00592185715,,119537.69233223908,0,0.0,-33258.07110500001,910597.003745
2024-12-04,129,-592.6458390000001,-4.594153790697676,4.032548,0.5503875968992248,Extreme Greed,,,,,48017.342230571434,,119577.64234276317,0,-0.0,-33258.07110500001,910004.357906
2024-12-05,23,0.0,0.0,0.0,0.0,Extreme Greed,,,,,46748.00973385714,,120108.24800350328,0,0.0,-33258.07110500001,910004.357906
2024-12-06,254,-21886.531493,-86.16744682283463,0.0,0.0826771653543307,Greed,1.0,,,,42657.12937828572,1.0,122167.66502366409,0,-0.0,-33258.07110500001,888117.826413
2024-12-07,19,1412.314654,74.33235021052631,0.0,0.4736842105263157,Extreme Greed,,1.0,,,-2719.9048449999996,1.0,8596.125865890963,1,1412.314654,-31845.75645100001,889530.141067
2024-12-08,48,858.6705000000001,17.88896875,0.0,0.125,Extreme Greed,,,,,-2322.163484428571,1.0,8702.758611989164,0,0.0,-31845.75645100001,890388.811567
2024-12-10,10,541.55471,54.155471,20.7155355,0.7,Extreme Greed,,,1.0,,-2375.3530668571425,1.0,8680.794258283848,0,0.0,-31845.75645100001,890930.366277
2024-12-11,171,3494.399394,20.4350841754386,0.0,0.1988304093567251,Greed,1.0,,,,-2310.3197248571423,1.0,8729.68599669446,0,0.0,-31845.75645100001,894424.765671
2024-12-12,1932,599151.795008,310.1199767122153,10.681751,0.6997929606625258,Extreme Greed,,1.0,,,83367.457539,1.0,227605.72596151955,1,599151.795008,567306.038557,1493576.5606789999
2025-01-01,96,-9528.065345,-99.25068067708334,0.0,0.3020833333333333,Greed,1.0,,,,82006.30534685715,1.0,228215.0575630968,0,-0.0,567306.038557,1484048.4953339999
2025-01-02,634,32300.205017,50.946695610410096,1.763296,0.5962145110410094,Greed,1.0,1.0,1.0,1.0,89747.26770542856,1.0,225000.07124697996,1,32300.205017,599606.243574,1516348.7003509998
2025-01-03,174,10596.108968,60.897177977011495,0.0,0.4482758620689655,Greed,1.0,1.0,,,91059.23832171429,1.0,224425.18630844072,1,10596.108968,610202.352542,1526944.8093189998
2025-01-04,192,-2202.6622420000003,-11.472199177083334,0.0,0.4583333333333333,Greed,1.0,1.0,1.0,,90621.90507285715,1.0,224633.14030372296,1,-2202.6622420000003,607999.6903,1524742.1470769998
2025-01-05,1230,54536.829297,44.338885607317074,0.0,0.4308943089430894,Greed,1.0,1.0,1.0,,98335.51572814285,1.0,221935.219896534,1,54536.829297,662536.519597,1579278.9763739998
2025-02-01,361,8716.519087,24.145482235457067,0.0,0.4570637119113573,Greed,1.0,1.0,1.0,1.0,99081.53282714286,1.0,221571.7650499164,1,8716.519087,671253.038684,1587995.495461
2025-02-02,1319,162854.759623,123.46835452843062,0.0,0.3586050037907505,Greed,1.0,1.0,1.0,,36753.384914999995,1.0,59676.144853186575,1,162854.759623,834107.798307,1750850.2550839998
2025-02-03,532,66914.320708,125.77879832330828,0.0120845,0.5018796992481203,Fear,0.0,1.0,1.0,1.0,47673.72577971428,0.8571428571428571,56716.23236893299,1,66914.320708,901022.119015,1817764.575792
2025-02-04,1076,202212.740938,187.930056633829,28.665758500000003,0.8949814126394052,Greed,1.0,0.0,1.0,1.0,71946.94519700001,0.8571428571428571,80438.40695842399,0,0.0,901022.119015,2019977.3167299998
2025-03-01,508,6028.486793,11.867099986220472,0.0,0.2716535433070866,Extreme Fear,,1.0,1.0,1.0,71294.42774342858,0.8333333333333334,81035.343609261,1,6028.486793,907050.605808,2026005.8035229999
2025-03-02,2380,348871.326269,146.58459086932774,0.0,0.4634453781512605,Fear,0.0,,0.0,1.0,121447.85467357143,0.6666666666666666,124793.10224802421,0,0.0,907050.605808,2374877.1297919997
2025-03-03,1482,616413.032233,415.9332201302294,9.005766,0.6153846153846154,Fear,0.0,0.0,1.0,1.0,201715.88366442858,0.5,219413.10221629424,0,0.0,907050.605808,2991290.162025
2025-03-04,1748,-2365.961276,-1.353524757437071,0.0,0.2974828375286041,Extreme Fear,,0.0,,1.0,200132.67218400002,0.4,221071.54020886673,0,-0.0,907050.605808,2988924.200749
2025-04-01,371,2553.537968,6.882851665768194,0.0,0.2021563342318059,Fear,0.0,,0.0,1.0,177232.49766185717,0.2,233528.26413611043,0,0.0,907050.605808,2991477.738717
2025-04-02,2512,416876.88812,165.9541752070064,0.0,0.276671974522293,Fear,0.0,0.0,0.0,0.0,227227.15014928574,0.2,243233.6934146566,0,0.0,907050.605808,3408354.6268370003
2025-04-03,2402,182075.566585,75.80165136761032,0.0,0.2535387177352206,Fear,0.0,0.0,,1.0,224350.410956,0.0,243697.48771249183,0,0.0,907050.605808,3590430.1934220004
2025-04-04,1272,-25515.67895,-20.05949602987421,0.0,0.3875786163522012,Fear,0.0,0.0,0.0,,219844.10156414285,0.0,248648.76353624242,0,-0.0,907050.605808,3564914.5144720003
2025-05-01,239,3187.719363,13.337737920502091,0.0,0.4184100418410041,Neutral,0.5,0.0,0.0,0.0,170460.729149,0.08333333333333333,253040.9013659038,0,0.0,907050.605808,3568102.233835
2025-05-02,1297,56706.235562,43.721075992289904,0.0,0.3215111796453354,Greed,1.0,0.5,0.0,0.0,90502.61533885714,0.25,159943.59163008846,0,0.0,907050.605808,3624808.469397
2025-05-03,1660,269328.365917,162.24600356445782,34.0166975,0.7584337349397591,,,1.0,0.0,,129316.09065214286,0.25,166483.42785759803,1,269328.365917,1176378.971725,3894136.835314
2025-05-04,360,35907.33771,99.74260475,1.814678,0.5805555555555556,,,,0.5,0.0,134080.91918671428,0.3,162684.72358816987,0,0.0,1176378.971725,3930044.173024
2025-06-01,573,6064.185393,10.583220581151831,0.0,0.1553228621291448,,,,1.0,0.0,75393.39022571428,0.375,108860.04580133513,0,0.0,1176378.971725,3936108.358417
2025-06-02,1703,33803.799733,19.84955944392249,0.0,0.46095126247798,,,,,0.0,54211.709246857135,0.5,98582.46924291363,0,0.0,1176378.971725,3969912.15815
2025-06-03,760,16101.125561,21.18569152763158,0.0,0.4802631578947368,,,,,0.0,60156.96703414285,0.75,94127.18079037486,0,0.0,1176378.971725,3986013.283711
2025-06-04,1048,47053.449272,44.89832945801527,0.0,0.3167938931297709,,,,,0.5,66423.4998782857,1.0,91114.28532488125,0,0.0,1176378.971725,4033066.7329829996
2025-07-01,637,16098.227531,25.271942748822607,6.222816,0.7613814756671899,,,,,1.0,60622.355873857145,,93107.02878076956,0,0.0,1176378.971725,4049164.9605139997
2025-07-02,1524,22450.002091,14.730972500656168,0.0,0.2821522309711286,,,,,,25354.01818442857,,14174.23314718462,0,0.0,1176378.971725,4071614.9626049995
2025-07-03,2552,150236.061627,58.86993010462382,0.231811,0.5223354231974922,,,,,,41686.69302971428,,49702.97050149548,0,0.0,1176378.971725,4221851.024231999
2025-07-04,2814,34527.370305,12.269854408315563,0.0,0.2391613361762615,,,,,,45752.86230285714,,47414.604613063864,0,0.0,1176378.971725,4256378.394536999
2025-08-01,1039,130117.090554,125.23300342059672,0.0,0.3715110683349374,,,,,,59511.903848714275,,56477.47740761692,0,0.0,1176378.971725,4386495.485090999
2025-08-02,575,586.703253,1.0203534834782608,0.0,0.1913043478260869,,,,,,57295.557804714284,,58724.683894650974,0,0.0,1176378.971725,4387082.188343999
2025-08-03,529,24700.773359,46.69333338185255,4.088704,0.5689981096408318,,,,,,54102.31838857142,,59968.98188681253,0,0.0,1176378.971725,4411782.961702999
2025-08-04,943,34899.394798,37.00890222481442,0.0,0.4093319194061506,,,,,,56788.19942671428,,58383.24015374973,0,0.0,1176378.971725,4446682.356500999
2025-09-01,522,46975.928902,89.99220096168582,0.0,0.2777777777777778,,,,,,60291.903256857135,,56690.46606790937,0,0.0,1176378.971725,4493658.285402999
2025-09-02,764,150551.829492,197.05736844502616,0.0,0.4306282722513089,,,,,,60337.01295185714,,56774.02879376084,0,0.0,1176378.971725,4644210.114894999
2025-09-03,1422,19773.457395,13.905384947257383,0.0,0.4409282700421941,,,,,,58229.311107571426,,58149.103761012004,0,0.0,1176378.971725,4663983.57229
2025-09-04,3967,43120.444797,10.86978694151752,0.0,0.4305520544492059,,,,,,45801.218856571424,,48763.258500826276,0,0.0,1176378.971725,4707104.0170869995
2025-10-01,819,-10116.875552,-12.352717401709402,0.63832,0.5274725274725275,,,,,,44272.136170142854,,50552.35978945854,0,-0.0,1176378.971725,4696987.141535
2025-10-02,889,63908.49465,71.88807047244094,0.0,0.4780652418447694,,,,,,49873.23921171428,,50193.273664215805,0,0.0,1176378.971725,4760895.636185
2025-10-03,2911,-10010.02727,-3.438690233596702,0.0,0.3974579182411542,,,,,,43457.60748771428,,55060.354160764764,0,-0.0,1176378.971725,4750885.608914999
2025-10-04,2127,158261.822261,74.40612236060178,0.05977,0.5289139633286318,,,,,,59355.59225328571,,70223.76533712925,0,0.0,1176378.971725,4909147.431175999
2025-11-01,283,2269.080536,8.017952424028268,0.0,0.2438162544169611,,,,,,38172.34240242857,,59706.600587911336,0,0.0,1176378.971725,4911416.511712
2025-11-02,848,-6093.784817,-7.186067001179245,0.0,0.2181603773584905,,,,,,34477.022086428566,,61798.93772874984,0,-0.0,1176378.971725,4905322.726895
2025-11-03,3286,-76880.729036,-23.3964482763238,0.0,0.18746195982958,,,,,,17333.997253142854,,74367.67790541351,0,-0.0,1176378.971725,4828441.997859
2025-11-04,1096,126406.479081,115.33437872354014,0.0,0.3357664233576642,,,,,,36837.33362928571,,83330.57068885067,0,0.0,1176378.971725,4954848.47694
2025-12-01,602,5742.241803,9.538607646179402,0.72332,0.7840531561461794,,,,,,28527.868936857143,,83080.91499689716,0,0.0,1176378.971725,4960590.718743
2025-12-02,1031,19848.635032,19.251828353055284,0.0,0.4626576139670223,,,,,,32793.39212285714,,81524.46203553723,0,0.0,1176378.971725,4980439.353775
2025-12-03,3968,288105.984215,72.60735489289314,1.6060059999999998,0.5645161290322581,,,,,,51342.55811628571,,120354.4205442264,0,0.0,1176378.971725,5268545.33799
2025-12-04,2109,410419.694533,194.603932922238,0.0,0.2721669037458511,,,,,,109649.7886872857,,177783.18771498316,0,0.0,1176378.971725,5678965.032523
